<?xml version="1.0" encoding="UTF-8"?>
<!DOCTYPE suite SYSTEM "https://testng.org/testng-1.0.dtd">
<suite name="Suite">


	<listeners>
		<listener
			class-name="com.nspl.agingoptions.webUtil.MyAnnotationTransformer"></listener>
	</listeners>
	<test name="Test">
		<classes>
			<class
				name="com.nspl.agingoptions.healthpage.testcases.MarriedUserPersonalMedicalHistoryTestCases">
			</class>
			<class
				name="com.nspl.agingoptions.healthpage.testcases.MarriedUserLifeStyleTestCases">
			</class>
			<class
				name="com.nspl.agingoptions.healthpage.testcases.MarriedUserFamilyMedicalHistoryTestCases">
			</class>
			<class
				name="com.nspl.agingoptions.healthpage.testcases.PrimaryCarePhysicianTestCases">
			</class>
			<class
				name="com.nspl.agingoptions.healthpage.testcases.SpecialistTestCases">
			</class>
			<class
				name="com.nspl.agingoptions.healthpage.testcases.HealthInsuranceTestCases">
			</class>
			<class
				name="com.nspl.agingoptions.healthpage.testcases.MedicationSupplementsTestCases">
			</class>
			
			<!--<class
				name="com.nspl.HousingInfoPageTestcase.HousingOptionsTestScript">
			</class>
			<class
				name="com.nspl.HousingInfoPageTestcase.HousingProfessional_MortgageBrokerTestScript">
			</class>
			<class
				name="com.nspl.HousingInfoPageTestcase.HousingProfessional_RealtorTestscript">
			</class>
			<class
				name="com.nspl.HousingInfoPageTestcase.HousingProfessionalHandyManTestScript">
			</class>-->
			
			<class
				name="com.nspl.agingoptions.financepage.testcases.Non_RetirementTestCases">
			</class>
			<class
				name="com.nspl.agingoptions.financepage.testcases.RetirementTestCases">
			</class>
			

		</classes>
	</test>
</suite> 

